{"cameraMode":{"drawMode":0,"name":"Shaded","section":"Shading Mode"},"sceneLighting":true,"audioPlay":false,"sceneViewState":{"showFog":true,"showMaterialUpdate":true,"showSkybox":true,"showFlares":true,"showImageEffects":true,"showParticleSystems":true},"in2DMode":false,"pivot":{"x":578.480712890625,"y":257.4901123046875,"z":280.01544189453127},"rotation":{"x":0.01680796779692173,"y":0.00899413414299488,"z":-0.0001489024725742638,"w":0.9998235702514648},"size":816.3109130859375,"orthographic":false}