{"cameraMode":{"drawMode":0,"name":"Shaded","section":"Shading Mode"},"sceneLighting":true,"audioPlay":false,"sceneViewState":{"showFog":true,"showMaterialUpdate":true,"showSkybox":true,"showFlares":true,"showImageEffects":true,"showParticleSystems":true},"in2DMode":false,"pivot":{"x":500.37664794921877,"y":503.4630126953125,"z":308.454833984375},"rotation":{"x":0.06015364080667496,"y":0.06283969432115555,"z":-0.0037922963965684177,"w":0.9962072968482971},"size":1338.8409423828125,"orthographic":false}