{"cameraMode":{"drawMode":0,"name":"Shaded","section":"Shading Mode"},"sceneLighting":true,"audioPlay":false,"sceneViewState":{"showFog":true,"showMaterialUpdate":true,"showSkybox":true,"showFlares":true,"showImageEffects":true,"showParticleSystems":true},"in2DMode":false,"pivot":{"x":-3.4825830459594728,"y":2.1259922981262209,"z":3.0103371143341066},"rotation":{"x":0.23370261490345,"y":0.5460730791091919,"z":-0.16195018589496613,"w":0.7880125045776367},"size":14.24766731262207,"orthographic":false}